show_id,type,title,director,cast,country,date_added,release_year,rating,listed_in,description,duration_minutes,duration_seasons
s72, Movie ,Velvet Secret,Unknown,"Aamir Khan, Nawazuddin Siddiqui, Anya Taylor, Ryan Gosling",United Kingdom,2024-06-25,2024,TV-14,"Thrillers,Comedies",A young artist fights to save her neighborhood.,,
s239,Movie,The Midnight Empire,Anurag Kashyap,"Deepika Padukone, Lupita Nyongo",France,2015-07-09,2004,TV-MA,"Crime TV Shows, Dramas", ,162.0,
s228,TV Show,Broken City,Steven Lee,"Emma Stone, Ryan Gosling",India,2015-07-09,2006,R,"Comedies, Horror Movies",A documentary exploring life in a rapidly changing city.,,4.0
s57,Movie,Distant Promise,Anurag Kashyap,"Priyanka Chopra, Lupita Nyongo",France,2023-12-31,2023,G,"Thrillers, International Movies",A documentary exploring life in a rapidly changing city.,131.0,
s180,Movie,Distant Road,Unknown,"Rohit Sharma, Deepika Padukone, John Cho, Irrfan Khan",Spain,2015-07-09,2007,R,"Action & Adventure,Comedies",An investigator uncovers a conspiracy in a small town.,450.0,
s140,TV Show,MIDNIGHT STORM,Unknown,Unknown,South Korea,2015-07-09,2003,TV-Y7,"Thrillers, Action & Adventure",No description available,,5.0
s78,Movie,Velvet Harvest,Karan Johar,"Tom Hardy, Ryan Gosling",Germany,2021-12-31,2021,TV-MA,"Comedies, Romantic Movies",A documentary exploring life in a rapidly changing city.,114.0,
s71,Movie,The Wild Signal,steven lee,"Aamir Khan, Kiara Advani, Rohit Sharma, Tabu",123,2024-12-31,2024,R,"Kids' TV, Documentaries",A gripping story of a family torn apart by secrets.,102.0,
s70,Movie,Crimson City,Ava DuVernay,"Zendaya, Anya Taylor, Tabu",United States,2015-07-09,2013,TV-PG,"Crime TV Shows, Romantic Movies",A gripping story of a family torn apart by secrets.,102.0,
s198,TV Show,Electric Horizon,Unknown,"Emma Stone, Tabu, Nawazuddin Siddiqui, Vikrant Massey",U.K.,2015-07-09,2014,R,"Horror Movies, International Movies",A young artist fights to save her neighborhood.,,6.0
s156,Movie,Dark Mirror,Sara Ali,"Rohit Sharma, Kiara Advani, Anya Taylor, Tabu",Germany,2015-07-09,2013,TV-PG,"Horror Movies, Thrillers",An investigator uncovers a conspiracy in a small town.,117.0,
s13,Movie,the crimson letter,David Chen,Unknown,South Korea,2015-07-09,2013,TV-PG,"Horror Movies, Kids' TV",A comedy about a wedding that goes hilariously wrong.,135.0,
s175,TV Show,The Hidden Game,Maria Lopez,"Emma Stone, Tabu",Japan,2020-12-31,2020,TV-14,"Thrillers, Horror Movies",Two strangers meet and change each other's lives forever.,,2.0
s97,Movie,  Wild Road  ,Karan Johar,"John Cho, Rohit Sharma",United Kingdom,2015-07-09,2013,R,"Dramas, Action & Adventure",A comedy about a wedding that goes hilariously wrong.,78.0,
s223,Movie,Broken Song,Maria Lopez,"Tabu, Deepika Padukone",Japan,2015-07-09,2005,PG,"Horror Movies, Action & Adventure",A documentary exploring life in a rapidly changing city.,3.0,
s151,TV Show,Electric Promise,Sara Ali,"John Cho, Tom Hardy, Rohit Sharma",United Kingdom,2015-07-09,2010,PG-13,"Crime TV Shows, Romantic Movies",A gripping story of a family torn apart by secrets.,,110.0
s215,Movie,Silent Road,Unknown,"Priyanka Chopra, John Cho, Deepika Padukone",Germany,2025-09-21,2024,PG-13,"Romantic Movies, Action & Adventure",A young artist fights to save her neighborhood.,151.0,
s217,Movie,Paper Mirror,David Chen,"Lupita Nyongo, Irrfan Khan, Nawazuddin Siddiqui",united kingdom,2020-12-31,2020,TV-14,"Action & Adventure, Comedies",A comedy about a wedding that goes hilariously wrong.,156.0,
s187,Movie,wild game,Rajkumar Hirani,"Irrfan Khan, Deepika Padukone",Germany,2015-07-09,2013,TV-MA,"Crime TV Shows, Horror Movies",A young artist fights to save her neighborhood.,137.0,
s131,Movie,the golden road,Maria Lopez,"Aamir Khan, Nawazuddin Siddiqui, John Cho, Tabu",Canada,2022-12-31,2022,PG,Comedies | International Movies,An investigator uncovers a conspiracy in a small town.,149.0,
s149,Movie,Crimson Game,Denis Villeneuve,"Kiara Advani, Aamir Khan, John Cho, Vikrant Massey",United Kingdom,2018-12-31,2018,PG-13,"International Movies, Horror Movies",A young artist fights to save her neighborhood.,123.0,
s45,Movie,The Silent Horizon,Unknown,Unknown,Canada,2015-07-09,2013,TV-14,"Documentaries, Romantic Movies",Two strangers meet and change each other's lives forever.,169.0,
s147,TV Show,THE VELVET HARVEST,Steven Lee,"Kiara Advani, John Cho, Zendaya, Aamir Khan",INDIA,2015-07-09,2013,TV-Y7,"Dramas, Kids' TV",A documentary exploring life in a rapidly changing city.,,110.0
s157,Movie,Hidden Mirror,Maria Lopez,"Kiara Advani, Priyanka Chopra, Rohit Sharma, Emma Stone",Japan,2015-07-09,2008,TV-Y7,Action & Adventure | Horror Movies,An investigator uncovers a conspiracy in a small town.,112.0,
s237,Movie,Crimson Mirror,Anurag Kashyap,"John Cho, Nawazuddin Siddiqui, Zendaya",united kingdom,2015-07-09,2010,R,"Horror Movies, Crime TV Shows",An investigator uncovers a conspiracy in a small town.,106.0,
s221,TV Show,PAPER RIVER,Greta Gerwig,"Lupita Nyongo, Nawazuddin Siddiqui",UK,2022-12-31,2022,not rated,"Horror Movies, Crime TV Shows",A documentary exploring life in a rapidly changing city.,,1.0
s83,Movie,Dark Horizon,David Chen,"Ryan Gosling, Tom Hardy, Anya Taylor",India,2015-07-09,2015,TV-Y7,"Dramas, International Movies",A gripping story of a family torn apart by secrets.,160.0,
s206,Movie,Midnight Game,Unknown,"Ryan Gosling, Tom Hardy, Anya Taylor",India,2015-07-09,2015,R,"Comedies, International Movies",Two strangers meet and change each other's lives forever.,105.0,
s154,Movie,The Wild City,Sara Ali,Unknown,South Korea,2015-07-09,2000,PG 13,"Crime TV Shows, Documentaries",A documentary exploring life in a rapidly changing city.,116.0,
s50,TV Show,  Dark City  ,Bong Joon-ho,"Nawazuddin Siddiqui, Vikrant Massey",France,2023-12-31,2023,R,"Comedies, Dramas",Two strangers meet and change each other's lives forever.,,2.0
s231,TV Show,Velvet Game,Sara Ali,"Tabu, Deepika Padukone, Rohit Sharma",Germany,2015-07-09,0,TV-PG,"Documentaries, Romantic Movies",An investigator uncovers a conspiracy in a small town.,,5.0
s41,Movie,DISTANT GAME,David Chen,"Kiara Advani, Zendaya, Tom Hardy, Lupita Nyongo",Australia,2015-07-09,2003,TV-14,"Romantic Movies, Documentaries",A gripping story of a family torn apart by secrets.,131.0,
s67,TVShow,The Hidden Secret,Sara Ali,Unknown,Germany,2015-07-09,2002,TV-14,"Crime TV Shows, Comedies",A comedy about a wedding that goes hilariously wrong.,,
s192,Movie,THE MIDNIGHT CITY,Zoya Akhtar,"Vikrant Massey, Aamir Khan",United Kingdom,2023-12-31,2023,TV-Y7,"Horror Movies, International Movies",A gripping story of a family torn apart by secrets.,117.0,
s60, Movie ,  Paper Promise  ,Karan Johar,Unknown,Spain,2015-07-09,2002,TV-Y7,"Romantic Movies, International Movies",A documentary exploring life in a rapidly changing city.,,
s152,Movie,The Silent Empire,Anurag Kashyap,"Kiara Advani, Emma Stone, Tabu",Spain,2023-06-01,2017,TV-Y7,"Horror Movies, Thrillers",A young artist fights to save her neighborhood.,156.0,
s43,Movie,The Paper Song,Ava DuVernay,"Zendaya, Lupita Nyongo, Kiara Advani, John Cho",Germany,2015-07-09,2004,G,"Dramas, Comedies",An investigator uncovers a conspiracy in a small town.,127.0,
s107,TV Show,The Hidden Harvest,Zoya Akhtar,"Irrfan Khan, Lupita Nyongo, Zendaya",Canada,2015-07-09,1998,TV-14,"International Movies, Documentaries",A gripping story of a family torn apart by secrets.,,4.0
s150,TV SHOW,Velvet City,Zoya Akhtar,"Irrfan Khan, Vikrant Massey, Kiara Advani, Priyanka Chopra",Unknown,2015-07-09,2005,R,"Romantic Movies, Dramas",Two strangers meet and change each other's lives forever.,,
s163,Movie,The Wild Empire,Rajkumar Hirani,"Tom Hardy, Emma Stone, Nawazuddin Siddiqui, Rohit Sharma",United States,2015-07-09,2004,PG-13,Crime TV Shows | Thrillers,An investigator uncovers a conspiracy in a small town.,124.0,
s224,TV Show, The Silent Storm ,Zoya Akhtar,"Irrfan Khan, Priyanka Chopra, Vikrant Massey, Lupita Nyongo",UK,2015-07-09,2004,TV-Y7,"Comedies, Crime TV Shows",A young artist fights to save her neighborhood.,,3.0
s59,TV Show,  Distant Secret  ,Meera Nair,"Emma Stone, Anya Taylor, Vikrant Massey",Germany,2023-12-31,2023,PG-13,"Crime TV Shows, International Movies",A gripping story of a family torn apart by secrets.,,1.0
s153,TV Show,Last Promise,Anurag Kashyap,Unknown,U.S.A,2015-07-09,2013,r,"Comedies, Thrillers",A comedy about a wedding that goes hilariously wrong.,,1.0
s161,Movie,the midnight letter,Unknown,"Vikrant Massey, Rohit Sharma, Emma Stone",Spain,2015-07-09,2000,G,"Romantic Movies, International Movies",A gripping story of a family torn apart by secrets.,119.0,
s144,Movie,Crimson River,Ava DuVernay,"Tom Hardy, Tabu, Vikrant Massey",Unknown,2015-07-09,2013,PG,"Kids' TV, Documentaries",A young artist fights to save her neighborhood.,131.0,
s54,Movie,Hidden City,Ava DuVernay,"Deepika Padukone, Emma Stone, Irrfan Khan",Japan,2015-11-28,2014,TV-14,International Movies | Dramas,Two strangers meet and change each other's lives forever.,144.0,
s74,Movie,Iron River,David Chen,"Priyanka Chopra, Zendaya, John Cho, Aamir Khan",INDIA,2015-07-09,2014,G,"Horror Movies, Kids' TV",A young artist fights to save her neighborhood.,168.0,
s233,Movie,The Crimson Road,David Chen,"Priyanka Chopra, Vikrant Massey, Irrfan Khan, Anya Taylor",Canada,2015-07-09,2015,G,"Romantic Movies, Kids' TV",A gripping story of a family torn apart by secrets.,131.0,
s107,tv show,Midnight Promise,Meera Nair,"Tabu, Tom Hardy, Priyanka Chopra",France,2015-07-09,2014,TV-PG,"Crime TV Shows, Kids' TV",A documentary exploring life in a rapidly changing city.,,
s183,movie,Wild Signal,Karan Johar,"Kiara Advani, Anya Taylor",Australia,2016-12-31,2016,R,"Romantic Movies, Thrillers",An investigator uncovers a conspiracy in a small town.,,
s135,Movie,Iron Road,Unknown,"Aamir Khan, Tom Hardy, Nawazuddin Siddiqui",india,2015-07-09,0,tvma,"Kids' TV, Comedies",A gripping story of a family torn apart by secrets.,134.0,
s21,Movie,The Paper Storm,Sara Ali,"Kiara Advani, Nawazuddin Siddiqui, Anya Taylor",India,2015-07-09,2004,PG-13,"Horror Movies, Action & Adventure",A gripping story of a family torn apart by secrets.,2.0,
s196,tv show,electric river,Meera Nair,"Tom Hardy, Anya Taylor",Germany,2016-12-31,2016,TV-14,"Thrillers, International Movies",A gripping story of a family torn apart by secrets.,,
s142,Movie,Lost Horizon,Sara Ali,"Tom Hardy, Rohit Sharma",Australia,2015-07-09,2010,Adult,"International Movies, Documentaries",An investigator uncovers a conspiracy in a small town.,80.0,
s46,Movie,Last Road,Christopher Nolan,"Kiara Advani, Deepika Padukone, Anya Taylor, Aamir Khan",Australia,2015-07-09,1999,TV-14,"International Movies, Kids' TV",A comedy about a wedding that goes hilariously wrong.,164.0,
s23,movie,The Wild Promise,Greta Gerwig,"Emma Stone, Tabu, Rohit Sharma, Irrfan Khan",South Korea,2023-12-31,2023,R,"Documentaries, Thrillers",Two strangers meet and change each other's lives forever.,,
s131,Movie, the golden road ,Maria Lopez,"Aamir Khan, Nawazuddin Siddiqui, John Cho, Tabu",Canada,2022-12-31,2022,PG,Comedies | International Movies,An investigator uncovers a conspiracy in a small town.,149.0,
s95,TV Show,iron secret,Unknown,"Anya Taylor, Ryan Gosling, Kiara Advani",Canada,2015-07-09,2009,R,"Action & Adventure,Dramas",A young artist fights to save her neighborhood.,,4.0
s18,Movie,Golden Mirror,Unknown,Unknown,Japan,2015-07-09,2011,TV-MA,"Action & Adventure, Horror Movies",Two strangers meet and change each other's lives forever.,141.0,
s117,Movie,Lost Letter,Greta Gerwig,"Lupita Nyongo, Aamir Khan",India,2015-07-09,1998,tv14,"International Movies, Kids' TV",An investigator uncovers a conspiracy in a small town.,133.0,
s93,Movie,The Golden Promise,Sara Ali,Unknown,Australia,2023-12-31,2023,R,"Kids' TV, Horror Movies",Two strangers meet and change each other's lives forever.,144.0,
s164,Movie,Hidden Garden,Denis Villeneuve,"Rohit Sharma, Priyanka Chopra, Deepika Padukone, Tabu",Japan,2015-07-09,2013,G,"Kids' TV, Thrillers",A young artist fights to save her neighborhood.,151.0,
s8,TV Show,silent empire,zoya akhtar,"Irrfan Khan, Rohit Sharma, John Cho, Tabu",United States,2015-07-09,2014,TV-14,"Horror Movies, Thrillers",A comedy about a wedding that goes hilariously wrong.,,1.0
s62,Movie,Last River,Christopher Nolan,"Ryan Gosling, Priyanka Chopra",South Korea,2015-07-09,2014,TV-MA,"International Movies, Thrillers",Two strangers meet and change each other's lives forever.,98.0,
s168,Movie,Paper Secret,Sara Ali,Unknown,Germany,2015-07-09,2001,TV-MA,"Horror Movies, Comedies",A young artist fights to save her neighborhood.,144.0,
s15,TV Show,the last letter,Sara Ali,"Ryan Gosling, Vikrant Massey",Canada,2015-07-09,2012,R,"Horror Movies, International Movies",A comedy about a wedding that goes hilariously wrong.,,6.0
s137,TV Show,Lost Empire,Unknown,"Rohit Sharma, Anya Taylor, Emma Stone",Canada,2015-07-09,2005,G,"Romantic Movies, Thrillers",An investigator uncovers a conspiracy in a small town.,,4.0
s179,TV Show,The Distant River,Ava DuVernay,Unknown,Germany,2016-12-31,2016,PG,"Action & Adventure, Documentaries",A gripping story of a family torn apart by secrets.,,4.0
s235,Movie,Velvet Horizon,Sara Ali,"Tom Hardy, Zendaya, Anya Taylor",Canada,2015-07-09,2006,TV-PG,"Comedies, Horror Movies",A gripping story of a family torn apart by secrets.,90.0,
s53,Movie,Velvet Letter,Sara Ali,"John Cho, Tom Hardy",Germany,2015-07-09,2011,TV-14,"Horror Movies,Crime TV Shows",A gripping story of a family torn apart by secrets.,88.0,
s226,Movie,THE SILENT SONG,Zoya Akhtar,"Emma Stone, Vikrant Massey, Nawazuddin Siddiqui, John Cho",Canada,2015-07-09,2013,G,"Action & Adventure, Kids' TV",none,140.0,
s7,MOVIE,The Lost Storm,-,"Ryan Gosling, Rohit Sharma, Aamir Khan",US,2016-12-31,2016,R,"Thrillers, Horror Movies",A documentary exploring life in a rapidly changing city.,,
s12,Movie,The Golden Garden,Zoya Akhtar,"Deepika Padukone, Emma Stone, Kiara Advani, Aamir Khan",Japan,2018-10-08,2015,pg13,"Crime TV Shows, Documentaries",No description available,75.0,
s104,Movie,The Last River,Denis Villeneuve,"Vikrant Massey, Tabu",Germany,2015-07-09,2007,PG,"Romantic Movies, Horror Movies",An investigator uncovers a conspiracy in a small town.,166.0,
s147,Movie,The Velvet Game,Unknown,"Anya Taylor, Emma Stone, Tabu, Vikrant Massey",Germany,2015-07-09,2009,TV-PG,"Action & Adventure, Comedies",A documentary exploring life in a rapidly changing city.,79.0,
s130,TVShow,The Last Horizon,Sara Ali,"Rohit Sharma, Anya Taylor, Tom Hardy, Irrfan Khan",Japan,2023-12-31,2023,PG-13,"Horror Movies, Comedies",Two strangers meet and change each other's lives forever.,,
s105,Movie,Crimson Secret,Steven Lee,"Aamir Khan, Ryan Gosling",Australia,2018-12-31,2018,G,"Dramas, Thrillers",A gripping story of a family torn apart by secrets.,170.0,
s19,Movie,The Crimson Harvest,Meera Nair,"Ryan Gosling, Irrfan Khan",Canada,2022-12-31,2022,TV-14,Thrillers | Romantic Movies,A gripping story of a family torn apart by secrets.,154.0,
s128,TVShow,The Crimson Mirror,Rajkumar Hirani,"Kiara Advani, Ryan Gosling, Lupita Nyongo",France,2015-07-09,1999,PG,Dramas | Action & Adventure,A documentary exploring life in a rapidly changing city.,,
s114,Movie,Distant Harvest,Denis Villeneuve,"Vikrant Massey, Deepika Padukone, Lupita Nyongo",India,2015-07-09,2007,R,"International Movies, Horror Movies",A comedy about a wedding that goes hilariously wrong.,162.0,
s5,TV SHOW,The Golden Harvest,Greta Gerwig,"Vikrant Massey, Tom Hardy",France,2019-10-21,2018,not rated,"Romantic Movies, Dramas",Two strangers meet and change each other's lives forever.,,
s52,TV Show,The Last Road,David Chen,"Kiara Advani, Irrfan Khan",Germany,2024-12-31,2024,TV-14,"Thrillers, Horror Movies",A young artist fights to save her neighborhood.,,4.0
s17,Movie,The Paper River,Zoya Akhtar,Unknown,Unknown,2015-07-09,2014,TV-MA,"Horror Movies, Comedies",A documentary exploring life in a rapidly changing city.,140.0,
s16,Movie,Golden Game,Unknown,"Kiara Advani, Ryan Gosling, Emma Stone",France,2015-07-09,2010,TV-MA,Dramas | Crime TV Shows,A gripping story of a family torn apart by secrets.,133.0,
s30,Movie,LAST GARDEN,Ava DuVernay,"Tom Hardy, Lupita Nyongo, Vikrant Massey",South Korea,2015-07-09,1999,G,"Horror Movies, Documentaries",Two strangers meet and change each other's lives forever.,84.0,
s222,Movie,The Last Promise,Bong Joon-ho,"Anya Taylor, Vikrant Massey, John Cho",UK,2015-07-09,2007,TV-PG,"International Movies,Romantic Movies",Two strangers meet and change each other's lives forever.,151.0,
s82,movie,Dark Storm,Anurag Kashyap,"Nawazuddin Siddiqui, Rohit Sharma",France,2015-07-09,2010,TV-14,"Romantic Movies, Comedies",A gripping story of a family torn apart by secrets.,,
s81,Movie,The Iron Mirror,ava duvernay,"Irrfan Khan, Emma Stone, Rohit Sharma",Spain,2015-07-09,2012,PG-13,"Romantic Movies, Horror Movies",A gripping story of a family torn apart by secrets.,152.0,
s236,TV Show,  Dark Letter  ,Denis Villeneuve,"Kiara Advani, Vikrant Massey, Irrfan Khan, Rohit Sharma",United Kingdom,2015-07-09,2002,R,"Thrillers, Comedies",A comedy about a wedding that goes hilariously wrong.,,6.0
s25,TV Show,Hidden Signal,Sara Ali,"Irrfan Khan, Tabu",Spain,2015-07-09,2013,TV-Y7,"Crime TV Shows, Romantic Movies",A gripping story of a family torn apart by secrets.,,4.0
s109,Movie, Paper Song ,David Chen,"Zendaya, Rohit Sharma",Germany,2015-07-09,2009,PG,"Romantic Movies, Crime TV Shows",A documentary exploring life in a rapidly changing city.,100.0,
s227,MOVIE,Hidden Secret,Unknown,"Tabu, Kiara Advani, Vikrant Massey, Zendaya",Australia,2015-07-09,2001,TV-14,"Comedies, Romantic Movies",An investigator uncovers a conspiracy in a small town.,,
s207,TV Show, Broken Road ,Unknown,"Ryan Gosling, Tom Hardy",Spain,2015-07-09,2011,12345,"Crime TV Shows, Romantic Movies",An investigator uncovers a conspiracy in a small town.,,5.0
s214,Movie,The Iron Road,Sara Ali,"Vikrant Massey, Nawazuddin Siddiqui, Emma Stone",Germany,2015-07-09,2007,tv14,"Crime TV Shows, Horror Movies",none,123.0,
s109,Movie,Paper Song,David Chen,"Zendaya, Rohit Sharma",Germany,2015-07-09,2009,PG,"Romantic Movies, Crime TV Shows",A documentary exploring life in a rapidly changing city.,100.0,
s133,TV Show,paper storm,Unknown,"Vikrant Massey, Irrfan Khan",Japan,2023-12-31,2023,PG-13,"Kids' TV, Comedies",A gripping story of a family torn apart by secrets.,,2.0
s229,TV Show,Dark Promise,Christopher Nolan,Unknown,Germany,2017-11-27,2017,TV-14,Comedies | Action & Adventure,A young artist fights to save her neighborhood.,,6.0
s171,Movie,CRIMSON SIGNAL,Maria Lopez,"Lupita Nyongo, Zendaya, Vikrant Massey",Japan,2015-07-09,2000,PG,"Comedies, International Movies",A young artist fights to save her neighborhood.,131.0,
s134,MOVIE,velvet storm,Ava DuVernay,"Tom Hardy, Lupita Nyongo",Australia,2015-07-09,2015,G,"Comedies, Crime TV Shows",A comedy about a wedding that goes hilariously wrong.,,
s202,MOVIE,THE LAST CITY,Unknown,"Kiara Advani, Lupita Nyongo, Aamir Khan",South Korea,2015-07-09,2010,R,"Kids' TV, Horror Movies",Two strangers meet and change each other's lives forever.,,
s122,TV Show,Lost Harvest,Maria Lopez,Unknown,Germany,2015-07-09,2010,TV-PG,"Horror Movies, Thrillers",none,,1.0
s194,Movie,MIDNIGHT EMPIRE,Karan Johar,"Irrfan Khan, Ryan Gosling, Aamir Khan",Japan,2015-07-09,2015,TV-MA,"Dramas, Action & Adventure",A gripping story of a family torn apart by secrets.,139.0,
s86,MOVIE,Lost Garden,Anurag Kashyap,"Tabu, Priyanka Chopra",U.K.,2015-07-09,2013,pg13,"Thrillers, International Movies",A comedy about a wedding that goes hilariously wrong.,,
s115,Movie,Dark Garden,Denis Villeneuve,"Lupita Nyongo, Irrfan Khan",Germany,2020-12-31,2020,PG-13,"Romantic Movies, Documentaries",A comedy about a wedding that goes hilariously wrong.,119.0,
s208,movie,Midnight Secret,Christopher Nolan,"Emma Stone, Vikrant Massey, Deepika Padukone, Priyanka Chopra",USA,2023-12-31,2023,TV-14,"Crime TV Shows, Romantic Movies",A comedy about a wedding that goes hilariously wrong.,,
s143,TV Show,The Last Song,Maria Lopez,"Tom Hardy, Kiara Advani, Emma Stone, Irrfan Khan",Japan,2021-12-31,2021,TV-14,"Horror Movies, International Movies",A documentary exploring life in a rapidly changing city.,,4.0
s201,Movie,Wild Promise,Sara Ali,"Zendaya, Ryan Gosling, Kiara Advani", United States,2020-09-13,2010,Adult,"Action & Adventure, Dramas",An investigator uncovers a conspiracy in a small town.,131.0,
s99,TV Show,The Electric Letter,Greta Gerwig,"Nawazuddin Siddiqui, Kiara Advani, Tom Hardy, Aamir Khan",Australia,2015-07-09,2013,TV-PG,Documentaries | Horror Movies,Two strangers meet and change each other's lives forever.,,6.0
s172,Movie,Dark Signal,Unknown,"Deepika Padukone, Aamir Khan, Kiara Advani",Germany,2015-07-09,2015,PG,"Comedies, Thrillers",A comedy about a wedding that goes hilariously wrong.,137.0,
s186,TV Show,  Golden Letter  ,Denis Villeneuve,"Zendaya, Irrfan Khan",Japan,2022-12-31,2022,PG,"Romantic Movies, Dramas",A young artist fights to save her neighborhood.,,2.0
s24,TV Show,The Distant Empire,Anurag Kashyap,Unknown,India,2015-07-09,2008,G,"Documentaries, Kids' TV",A comedy about a wedding that goes hilariously wrong.,,6.0
s66,Movie,Midnight Mirror,Greta Gerwig,"Lupita Nyongo, Irrfan Khan",Spain,2020-12-14,2007,tv14,"Thrillers, Action & Adventure",A comedy about a wedding that goes hilariously wrong.,97.0,
s182,Movie,Midnight Signal,Maria Lopez,"Tabu, Zendaya",Japan,2015-07-09,2003,TV-14,"Thrillers, Romantic Movies",Two strangers meet and change each other's lives forever.,92.0,
s20,movie,distant garden,Bong Joon-ho,"Priyanka Chopra, Vikrant Massey",U.S.A,2024-12-31,2024,R,"Action & Adventure, Comedies",A gripping story of a family torn apart by secrets.,,
s80,tv show,THE CRIMSON EMPIRE,Ava DuVernay,"Tabu, Kiara Advani, Nawazuddin Siddiqui",Japan,2015-07-09,1998,PG-13,"Dramas, Thrillers",Two strangers meet and change each other's lives forever.,,
s193,MOVIE,Last Signal,Unknown,"Kiara Advani, Aamir Khan, Deepika Padukone, Nawazuddin Siddiqui",South Korea,2017-12-31,2017,R,"Horror Movies, Documentaries",A young artist fights to save her neighborhood.,,
s22,Movie,Midnight River,Maria Lopez,Unknown,UK,2015-07-09,2006,PG,"Romantic Movies, Crime TV Shows",Two strangers meet and change each other's lives forever.,145.0,
s63,Movie,The Dark Harvest,Christopher Nolan,Unknown,Australia,2015-07-09,1998,TV-14,"Horror Movies, Action & Adventure",A comedy about a wedding that goes hilariously wrong.,144.0,
s37,Movie,The Wild River,Anurag Kashyap,"Kiara Advani, Aamir Khan",Spain,2022-12-31,2022,PG,"Romantic Movies, Documentaries",A young artist fights to save her neighborhood.,128.0,
s38,Movie,SILENT SECRET,Unknown,"Zendaya, Ryan Gosling",Germany,2015-07-09,1998,PG-13,"Kids' TV, Documentaries",A comedy about a wedding that goes hilariously wrong.,131.0,
s155,Movie,Lost Promise,Unknown,"Anya Taylor, Nawazuddin Siddiqui",South Korea,2015-07-09,2006,TV-14,"International Movies, Comedies",An investigator uncovers a conspiracy in a small town.,93.0,
s170,Movie,Velvet Garden,karan johar,"Priyanka Chopra, Nawazuddin Siddiqui, Kiara Advani, Vikrant Massey",Spain,2015-07-09,2015,PG-13,"Thrillers, Horror Movies",A gripping story of a family torn apart by secrets.,96.0,
s203,Movie,The Golden City,Rajkumar Hirani,"Ryan Gosling, Nawazuddin Siddiqui, Anya Taylor",Australia,2024-12-31,2024,G,"Documentaries, Comedies",A gripping story of a family torn apart by secrets.,121.0,
s238,Movie,Hidden Horizon,Anurag Kashyap,"Lupita Nyongo, Vikrant Massey, John Cho, Ryan Gosling",123,2015-07-09,2004,TV-PG,"Comedies, Romantic Movies",A documentary exploring life in a rapidly changing city.,166.0,
s88,Movie,Last Letter,Meera Nair,"Rohit Sharma, Zendaya, Priyanka Chopra, Irrfan Khan",Bharat,2024-12-31,2024,G,"Kids' TV, Documentaries",An investigator uncovers a conspiracy in a small town.,86.0,
s14,Movie,The Velvet Horizon,Karan Johar,Unknown,Canada,2018-12-31,2018,g,"Thrillers, Horror Movies",Two strangers meet and change each other's lives forever.,168.0,
s61,Movie,The Midnight Mirror,Zoya Akhtar,"Emma Stone, Zendaya, Ryan Gosling, Lupita Nyongo",France,2015-07-09,2007,PG,"Dramas, Romantic Movies",A gripping story of a family torn apart by secrets.,130.0,
s4,Movie,THE GOLDEN HORIZON,Sara Ali,"Rohit Sharma, Nawazuddin Siddiqui",Germany,2022-12-31,2022,TV-PG,"Thrillers, Romantic Movies",An investigator uncovers a conspiracy in a small town.,104.0,
s145,TV Show,  The Broken Road  ,Denis Villeneuve,"Zendaya, Kiara Advani, Irrfan Khan, John Cho",Japan,2016-12-31,2016,TV-14,"International Movies,Kids' TV",A comedy about a wedding that goes hilariously wrong.,,2.0
s89,tv show,Electric Letter,Unknown,"Zendaya, Lupita Nyongo",Germany,2015-07-09,2013,g,"Crime TV Shows, Kids' TV",A documentary exploring life in a rapidly changing city.,,
s190, Movie ,THE LAST GAME,Rajkumar Hirani,"John Cho, Ryan Gosling",US,2019-12-31,2019,TV-MA,"Romantic Movies, Horror Movies",A documentary exploring life in a rapidly changing city.,,
s148,Movie,The Distant Promise,Anurag Kashyap,"Irrfan Khan, Rohit Sharma, Tom Hardy",united states,2015-07-09,2002,TV-PG,"Horror Movies, International Movies",A documentary exploring life in a rapidly changing city.,142.0,
s6,Movie,Velvet Road,Unknown,"Kiara Advani, Tom Hardy, John Cho, Zendaya",United Kingdom,2015-07-09,2000,TV-14,"Thrillers, Documentaries",A young artist fights to save her neighborhood.,115.0,
s35,Movie, The Wild Letter ,Maria Lopez,"Zendaya, Kiara Advani, Emma Stone, Nawazuddin Siddiqui",South Korea,2022-12-31,2022,G,"Dramas, Horror Movies",An investigator uncovers a conspiracy in a small town.,170.0,
s166,MOVIE,Crimson Storm,Christopher Nolan,"John Cho, Anya Taylor",Germany,2015-07-09,2003,PG,"Romantic Movies, Dramas",A comedy about a wedding that goes hilariously wrong.,,
s34,Movie,THE WILD HORIZON,Denis Villeneuve,"Tom Hardy, Anya Taylor",South Korea,2015-07-09,2011,TV-Y7,"Kids' TV, Dramas",A documentary exploring life in a rapidly changing city.,134.0,
s100,Movie,The Velvet Letter,David Chen,"Lupita Nyongo, Emma Stone",united states,2015-07-09,2009,PG-99,"Thrillers, Dramas",An investigator uncovers a conspiracy in a small town.,120.0,
s129,Movie,Electric City,Christopher Nolan,"Vikrant Massey, Nawazuddin Siddiqui, Emma Stone, Rohit Sharma",US,2015-07-09,2012,TV-PG,"Thrillers, International Movies",A young artist fights to save her neighborhood.,138.0,
s205,Movie,The Broken Letter,Christopher Nolan,"Emma Stone, Deepika Padukone, John Cho, Tabu",Spain,2015-07-09,2006,TV Y7,"Kids' TV, Documentaries",A documentary exploring life in a rapidly changing city.,82.0,
s84,Movie,Velvet River,Denis Villeneuve,"John Cho, Ryan Gosling",Australia,2020-12-31,2020,G,"Romantic Movies, Comedies",A comedy about a wedding that goes hilariously wrong.,89.0,
s33,Movie,Last Secret,Unknown,"Irrfan Khan, Tabu",Japan,2019-08-03,2005,PG-13,"Thrillers, Kids' TV",Two strangers meet and change each other's lives forever.,166.0,
s191,TV Show,The Midnight Harvest,Unknown,"Emma Stone, Zendaya", United States,2015-07-09,2013,R,"Comedies, Dramas",A gripping story of a family torn apart by secrets.,,4.0
s141,Movie,Broken Secret,-,"Anya Taylor, Tom Hardy, Irrfan Khan, Kiara Advani",UK,2015-07-09,2005,TV-Y7,Documentaries | Action & Adventure,Two strangers meet and change each other's lives forever.,134.0,
s200, Movie ,The Hidden Horizon,Steven Lee,"John Cho, Zendaya, Aamir Khan, Nawazuddin Siddiqui",Canada,2015-07-09,-2005,TV-MA,"Comedies, Romantic Movies",An investigator uncovers a conspiracy in a small town.,,
s160,Movie,The Crimson River,Zoya Akhtar,"Emma Stone, Nawazuddin Siddiqui",Canada,2016-12-31,2016,TV-MA,International Movies | Romantic Movies,A comedy about a wedding that goes hilariously wrong.,130.0,
s240,TV Show,The Lost Empire,Denis Villeneuve,"Anya Taylor, Rohit Sharma, John Cho",Japan,2025-05-23,2023,PG,"Dramas, Action & Adventure",Two strangers meet and change each other's lives forever.,,6.0
s178,TV Show,Lost Mirror,Zoya Akhtar,Unknown,Australia,2015-07-09,2007,TV-14,"Crime TV Shows, Dramas",An investigator uncovers a conspiracy in a small town.,,2.0
s123,TV Show,Paper Garden,Karan Johar,"Kiara Advani, Irrfan Khan, Tom Hardy, Tabu",Germany,2015-07-09,2013,G,"Crime TV Shows, Romantic Movies",A documentary exploring life in a rapidly changing city.,,5.0
s167,TV Show,  Broken Garden  ,-,"Kiara Advani, Ryan Gosling, Deepika Padukone",Australia,2015-07-09,2014,PG,"Documentaries, Action & Adventure",A gripping story of a family torn apart by secrets.,,6.0
s173,movie,dark road,Unknown,Unknown,France,2020-12-31,2020,PG-13,"Romantic Movies, Thrillers",A gripping story of a family torn apart by secrets.,,
s9,MOVIE,Midnight Horizon,Anurag Kashyap,"Tom Hardy, Ryan Gosling, Tabu, Rohit Sharma",united kingdom,2015-07-09,2014,PG,"Kids' TV, Romantic Movies",A comedy about a wedding that goes hilariously wrong.,,
s108,Movie,The Broken Game,Unknown,"Lupita Nyongo, Kiara Advani, Deepika Padukone",Spain,2020-12-31,2020,TV-14,"Action & Adventure, Thrillers",A young artist fights to save her neighborhood.,162.0,
s207,TV Show,Broken Road,Unknown,"Ryan Gosling, Tom Hardy",Spain,2015-07-09,2011,12345,"Crime TV Shows, Romantic Movies",An investigator uncovers a conspiracy in a small town.,,5.0
s35,Movie,The Wild Letter,Maria Lopez,"Zendaya, Kiara Advani, Emma Stone, Nawazuddin Siddiqui",South Korea,2022-12-31,2022,G,"Dramas, Horror Movies",An investigator uncovers a conspiracy in a small town.,170.0,
s11,Movie,Broken Signal,Maria Lopez,"Rohit Sharma, John Cho, Vikrant Massey",Japan,2015-07-09,2004,g,"Crime TV Shows, International Movies",A gripping story of a family torn apart by secrets.,100.0,
s73,movie,The Velvet Road,Unknown,"Deepika Padukone, Ryan Gosling, Lupita Nyongo",South Korea,2023-12-31,2023,PG-13,"Comedies, International Movies",A comedy about a wedding that goes hilariously wrong.,,
s49,Movie,The Crimson Garden,Rajkumar Hirani,Unknown,Germany,2015-07-09,2013,TV-14,"Dramas, Documentaries",An investigator uncovers a conspiracy in a small town.,95.0,
s199,Movie,Electric Secret,Maria Lopez,Unknown,Bharat,2024-12-31,2024,TV-14,"Kids' TV, Dramas",Two strangers meet and change each other's lives forever.,168.0,
s112,TV Show,The Distant Horizon,Bong Joon-ho,"Nawazuddin Siddiqui, John Cho, Kiara Advani",Australia,2015-07-09,2014,PG-13,"Crime TV Shows, Thrillers",A documentary exploring life in a rapidly changing city.,,2.0
s204,TV SHOW,Golden Promise,Steven Lee,"Ryan Gosling, John Cho, Irrfan Khan",South Korea,2015-07-09,2013,R,"Romantic Movies, Horror Movies",An investigator uncovers a conspiracy in a small town.,,
s36,TV Show,Crimson Harvest,Denis Villeneuve,Unknown,UK,2025-03-20,2024,G,"Thrillers, Dramas",An investigator uncovers a conspiracy in a small town.,,5.0
s42,tv show,Last Song,Unknown,"Tabu, Zendaya, Emma Stone",Japan,2016-12-31,2016,TV-14,"Romantic Movies, Action & Adventure",No description available,,
s176,Movie,the lost mirror,Maria Lopez,"Anya Taylor, Priyanka Chopra",Germany,2015-07-09,2012,TV-MA,"Comedies,Kids' TV",Two strangers meet and change each other's lives forever.,155.0,
s232,Movie,  The Midnight Storm  ,David Chen,"Vikrant Massey, Deepika Padukone, Anya Taylor, Zendaya",Germany,2015-07-09,2010,TV-PG,"Comedies, International Movies",A young artist fights to save her neighborhood.,131.0,
s123,Movie,The Electric Promise,Zoya Akhtar,"Irrfan Khan, John Cho",Canada,2017-12-31,2017,TV-Y7,"Kids' TV, Dramas",A comedy about a wedding that goes hilariously wrong.,78.0,
s210,Movie,The Last Signal,Christopher Nolan,"Vikrant Massey, Rohit Sharma, Anya Taylor",Japan,2020-12-31,2020,TV-14,"Horror Movies, Comedies",Two strangers meet and change each other's lives forever.,104.0,
s127,movie,  WILD RIVER  ,Denis Villeneuve,"Kiara Advani, Zendaya, John Cho, Emma Stone",France,2022-12-31,2022,TV-PG,"Action & Adventure, Dramas",A gripping story of a family torn apart by secrets.,,
s138,TV Show,GOLDEN SONG,Unknown,Unknown,Australia,2015-07-09,1999,PG,"Documentaries, Dramas",A comedy about a wedding that goes hilariously wrong.,,1.0
s47, Movie ,Hidden Promise,Zoya Akhtar,"Deepika Padukone, Ryan Gosling, Vikrant Massey, Rohit Sharma",Untied Kingdom,2016-02-13,2013,TV-14,"Comedies, Documentaries",A gripping story of a family torn apart by secrets.,,
s110,movie,Hidden Letter,Maria Lopez,"Kiara Advani, Irrfan Khan, Tom Hardy, Rohit Sharma",South Korea,2017-12-31,2017,PG-13,"Thrillers, Romantic Movies",A young artist fights to save her neighborhood.,,
s94,TV Show,Broken Promise,Steven Lee,"Zendaya, Kiara Advani, Priyanka Chopra, Nawazuddin Siddiqui",Germany,2023-12-31,2023,tvma,"Crime TV Shows, Documentaries",An investigator uncovers a conspiracy in a small town.,,1.0
s224,TV Show,The Silent Storm,Zoya Akhtar,"Irrfan Khan, Priyanka Chopra, Vikrant Massey, Lupita Nyongo",UK,2015-07-09,2004,TV-Y7,"Comedies, Crime TV Shows",A young artist fights to save her neighborhood.,,3.0
s102,movie,Iron Garden,Unknown,"Deepika Padukone, Rohit Sharma, John Cho",Canada,2015-07-09,2007,TV-14,"Romantic Movies, Dramas",A young artist fights to save her neighborhood.,,
s121,MOVIE,The Dark Game,Sara Ali,"Aamir Khan, Priyanka Chopra, Zendaya, Nawazuddin Siddiqui",Australia,2015-07-09,2001,TV-MA,"Dramas, International Movies",Two strangers meet and change each other's lives forever.,,
s58,TV Show,Dark River,Greta Gerwig,Unknown,South Korea,2015-07-09,2010,PG-99,"Romantic Movies, International Movies",A young artist fights to save her neighborhood.,,2.0
s65,TV Show,Paper Letter,Greta Gerwig,"Irrfan Khan, John Cho, Rohit Sharma, Lupita Nyongo",U.K.,2023-10-26,2022,PG-13,"Dramas, Action & Adventure",A comedy about a wedding that goes hilariously wrong.,,3.0
s169,Movie,Last Game,Unknown,"Tom Hardy, Rohit Sharma",Australia,2015-07-09,2009,TV PG,Kids' TV | Horror Movies,Two strangers meet and change each other's lives forever.,90.0,
s195,TV Show,Iron Letter,Bong Joon-ho,"Deepika Padukone, Rohit Sharma, Emma Stone, Priyanka Chopra",South Korea,2015-07-09,2005,TV-PG,"Thrillers, Kids' TV",Two strangers meet and change each other's lives forever.,,6.0
s209, Movie ,Last Empire,Christopher Nolan,"Rohit Sharma, Aamir Khan, Tom Hardy, Tabu",Canada,2015-07-09,2013,PG,"International Movies, Action & Adventure",An investigator uncovers a conspiracy in a small town.,,
s219,TV SHOW,  The Golden Storm  ,Greta Gerwig,"Anya Taylor, Priyanka Chopra, Zendaya",UK,2015-07-09,2014,TV-PG,Thrillers | Comedies,A comedy about a wedding that goes hilariously wrong.,,
s32,TV Show,Lost Storm,Unknown,"Tabu, Lupita Nyongo, Anya Taylor",123,2015-07-09,2013,g,"Action & Adventure, Documentaries",A young artist fights to save her neighborhood.,,4.0
s106, Movie ,Golden Secret,ava duvernay,"Lupita Nyongo, Zendaya, Rohit Sharma",U.S.A,2016-12-31,2016,R,"Crime TV Shows, Romantic Movies",A comedy about a wedding that goes hilariously wrong.,,
s40,TV Show,The Electric Secret,Unknown,"John Cho, Aamir Khan, Anya Taylor, Tom Hardy",Germany,2023-12-31,2023,pg13,"Horror Movies, Romantic Movies",A young artist fights to save her neighborhood.,,4.0
s225,TV Show,The Electric City,Greta Gerwig,Unknown,India,2015-07-09,2013,G,"Documentaries, International Movies",An investigator uncovers a conspiracy in a small town.,,3.0
s136,Movie,The Last Empire,Sara Ali,Unknown,Spain,2015-07-09,-2005,R,Romantic Movies | Comedies,Two strangers meet and change each other's lives forever.,132.0,
s239,Movie, The Midnight Empire ,Anurag Kashyap,"Deepika Padukone, Lupita Nyongo",France,2015-07-09,2004,TV-MA,"Crime TV Shows, Dramas", ,162.0,
s51,TV Show,Iron Signal,Denis Villeneuve,"Kiara Advani, Zendaya, Deepika Padukone",Australia,2015-07-09,2007,PG,"Horror Movies, Romantic Movies",No description available,,6.0
s188,TV Show, Distant River ,Zoya Akhtar,"Deepika Padukone, Tom Hardy, John Cho, Ryan Gosling",Canada,2016-12-31,2016,TV-14,"Action & Adventure, Romantic Movies",A comedy about a wedding that goes hilariously wrong.,,6.0
s111,TV Show,The Lost River,Unknown,Unknown,UK,2015-07-09,2015,TV-14,"Thrillers, Kids' TV",An investigator uncovers a conspiracy in a small town.,,2.0
s26,movie,Silent Song,Karan Johar,"John Cho, Tom Hardy, Priyanka Chopra, Irrfan Khan", United States,2015-07-09,1066,TV-Y7,"Kids' TV, Documentaries",An investigator uncovers a conspiracy in a small town.,,
s3,Movie,THE IRON RIVER,Maria Lopez,"Emma Stone, Vikrant Massey, Tom Hardy",US,2015-07-09,2013,TV-14,"Kids' TV, Romantic Movies",A documentary exploring life in a rapidly changing city.,80.0,
s211, Movie ,WILD HORIZON,Zoya Akhtar,"Rohit Sharma, Ryan Gosling, Kiara Advani",Spain,2015-07-09,2009,PG,"Thrillers, Documentaries",Two strangers meet and change each other's lives forever.,,
s103,Movie,The Hidden Signal,Ava DuVernay,"Kiara Advani, Tabu, Rohit Sharma, Irrfan Khan",France,2015-07-09,2010,PG-13,"Horror Movies, Comedies",A comedy about a wedding that goes hilariously wrong.,98.0,
s48,Movie,LOST SECRET,Unknown,"Anya Taylor, Nawazuddin Siddiqui, Priyanka Chopra",Australia,2017-12-31,2017,PG,"Kids' TV, Comedies",Two strangers meet and change each other's lives forever.,132.0,
s185,TV Show,The Distant Road,Anurag Kashyap,"Ryan Gosling, Irrfan Khan, Zendaya",Bharat,2015-07-09,1999,TV-PG,"Documentaries, Action & Adventure",A documentary exploring life in a rapidly changing city.,,4.0
s3,Movie, THE IRON RIVER ,Maria Lopez,"Emma Stone, Vikrant Massey, Tom Hardy",US,2015-07-09,2013,TV-14,"Kids' TV, Romantic Movies",A documentary exploring life in a rapidly changing city.,80.0,
s216, Movie ,The Crimson Signal,Karan Johar,"Nawazuddin Siddiqui, Lupita Nyongo, Aamir Khan, John Cho",Germany,2015-07-09,2005,TV-14,"Action & Adventure, Horror Movies",A comedy about a wedding that goes hilariously wrong.,,
s28, Movie ,Paper Signal,Meera Nair,"Priyanka Chopra, Tom Hardy, Irrfan Khan, Aamir Khan",France,2019-12-31,2019,TV-14,"Documentaries, Horror Movies",A documentary exploring life in a rapidly changing city.,,
s91,Movie,The Electric Game,Maria Lopez,"Rohit Sharma, Ryan Gosling, Priyanka Chopra, Lupita Nyongo",united states,2019-12-31,2019,TV-14,"Crime TV Shows, Horror Movies",A young artist fights to save her neighborhood.,158.0,
s85,Movie,The Velvet City,Maria Lopez,"Zendaya, Tabu, Rohit Sharma",UK,2015-07-09,2014,PG-13,"Crime TV Shows,Comedies",A documentary exploring life in a rapidly changing city.,114.0,
s118,movie,Lost Road,denis villeneuve,"Tom Hardy, Tabu",Spain,2015-07-09,2006,TV-14,"Comedies, Horror Movies", ,,
s158,TV Show,the electric storm,Sara Ali,Unknown,South Korea,2015-07-09,1998,G,"Thrillers, Action & Adventure",Two strangers meet and change each other's lives forever.,,4.0
s2,TV Show,Electric Road,David Chen,"Tabu, Lupita Nyongo",South Korea,2020-12-31,2020,TV-PG,"Action & Adventure, Thrillers",Two strangers meet and change each other's lives forever.,,4.0
s92,TV Show,Crimson Horizon,Karan Johar,"Lupita Nyongo, Nawazuddin Siddiqui",U.K.,2019-12-31,2019,tvma,"Romantic Movies, International Movies",Two strangers meet and change each other's lives forever.,,6.0
s125,Movie,Distant Song,Denis Villeneuve,"Nawazuddin Siddiqui, Kiara Advani, Aamir Khan",France,2015-07-09,2001,PG-13,Romantic Movies | International Movies,A young artist fights to save her neighborhood.,123.0,
s159,Movie,THE LAST HARVEST,Meera Nair,"Anya Taylor, Irrfan Khan, Aamir Khan",Japan,2015-07-09,2010,not rated,"Comedies, Documentaries",A young artist fights to save her neighborhood.,131.0,
s119,TV Show,Dark Secret,Karan Johar,"Lupita Nyongo, Rohit Sharma, Ryan Gosling, Emma Stone",Australia,2015-07-09,2013,TV-Y7,"Crime TV Shows, Dramas",A gripping story of a family torn apart by secrets.,,4.0
s10,TV Show,Midnight City,Zoya Akhtar,"Kiara Advani, Anya Taylor",USA,2024-12-31,2024,R,"Thrillers, International Movies",none,,2.0
s212,TV Show,The Paper Garden,Karan Johar,"Vikrant Massey, Ryan Gosling, Anya Taylor",Germany,2015-07-09,2014,TV-PG,"Romantic Movies, Thrillers",An investigator uncovers a conspiracy in a small town.,,6.0
s132,tv show,Broken Empire,Anurag Kashyap,"Zendaya, Emma Stone, Ryan Gosling",Germany,2020-12-31,2020,R,"International Movies, Romantic Movies",A comedy about a wedding that goes hilariously wrong.,,
s165,MOVIE,The Paper Secret,greta gerwig,"Emma Stone, Ryan Gosling, Tabu",united kingdom,2015-07-09,2000,TV-Y7,"Horror Movies, Thrillers",A documentary exploring life in a rapidly changing city.,,
s79,tv show,ELECTRIC GARDEN,Christopher Nolan,"Priyanka Chopra, Vikrant Massey, Tabu",Japan,2022-12-31,2022,PG,"Thrillers, Kids' TV",A documentary exploring life in a rapidly changing city.,,
s56,Movie,Broken Letter,Ava DuVernay,"Vikrant Massey, Irrfan Khan",U.K.,2020-12-31,2020,TV-Y7,"Documentaries, Crime TV Shows",A young artist fights to save her neighborhood.,136.0,
s101,Movie,LOST RIVER,Christopher Nolan,Unknown,Germany,2025-12-16,2022,PG,"Action & Adventure, Documentaries",A gripping story of a family torn apart by secrets.,155.0,
s146,Movie,Broken Horizon,Steven Lee,"Deepika Padukone, Anya Taylor",Germany,2021-12-31,2021,PG,"Dramas, Horror Movies",Two strangers meet and change each other's lives forever.,144.0,
s162,TV Show,The Iron Horizon,Maria Lopez,"Tabu, Irrfan Khan",United Kingdom,2018-12-31,2018,tvpg,"Crime TV Shows, Horror Movies",A comedy about a wedding that goes hilariously wrong.,,2.0
s189,Movie,Paper Game,David Chen,"Emma Stone, Ryan Gosling, Deepika Padukone, Vikrant Massey",Germany,2015-07-09,2006,g,"Romantic Movies, Horror Movies",A gripping story of a family torn apart by secrets.,92.0,
s1,Movie,The Crimson City,Maria Lopez,"Ryan Gosling, Priyanka Chopra, Tom Hardy, Aamir Khan",India,2015-07-09,2005,PG-13,"Documentaries, Kids' TV",A documentary exploring life in a rapidly changing city.,161.0,
s55, Movie ,The Last Storm,Unknown,"Tabu, Nawazuddin Siddiqui",Spain,2020-12-31,2020,PG,"Crime TV Shows, Horror Movies",A gripping story of a family torn apart by secrets.,,
s68,MOVIE,Hidden Harvest,Greta Gerwig,"Aamir Khan, Priyanka Chopra, Irrfan Khan",Japan,2015-07-09,2010,TV-MA,"Comedies, International Movies",A young artist fights to save her neighborhood.,,
s76,Movie,Wild City,Denis Villeneuve,"Vikrant Massey, Tom Hardy, Kiara Advani",US,2018-12-31,2018,TV-PG,"Horror Movies, Romantic Movies",A young artist fights to save her neighborhood.,104.0,
s124,TV Show,paper harvest,Greta Gerwig,"Priyanka Chopra, Lupita Nyongo, Emma Stone",Germany,2017-12-31,2017,TV-PG,"International Movies, Romantic Movies",A documentary exploring life in a rapidly changing city.,,4.0
s77,Movie,Crimson Song,Maria Lopez,"Nawazuddin Siddiqui, Irrfan Khan, Aamir Khan",Australia,2015-07-09,2000,TV-PG,"Comedies, Horror Movies",An investigator uncovers a conspiracy in a small town.,170.0,
s75,Movie,Silent Letter,Christopher Nolan,"John Cho, Tom Hardy, Priyanka Chopra",Germany,2015-07-09,2000,TV-14,"International Movies, Crime TV Shows",A documentary exploring life in a rapidly changing city.,83.0,
s31,TV Show,The Crimson Horizon,Maria Lopez,"Vikrant Massey, Aamir Khan, Irrfan Khan, Emma Stone",USA,2022-12-31,2022,TV-14,"Thrillers, International Movies",A young artist fights to save her neighborhood.,,2.0
s220,TV Show,THE DARK SIGNAL,Denis Villeneuve,"Anya Taylor, Tom Hardy, Vikrant Massey, Zendaya",South Korea,2016-12-31,2016,PG,"Dramas, Crime TV Shows",Two strangers meet and change each other's lives forever.,,1.0
s197,Movie,The Silent Road,Greta Gerwig,Unknown,United Kingdom,2015-07-09,2014,TV-PG,Dramas | Kids' TV,Two strangers meet and change each other's lives forever.,153.0,
s202,TV Show,THE BROKEN HORIZON,Karan Johar,"Priyanka Chopra, Tom Hardy",Japan,2023-11-11,2022,TV-PG,"Action & Adventure, Kids' TV",A comedy about a wedding that goes hilariously wrong.,,6.0
s139,Movie,Iron Game,meera nair,Unknown,Spain,2018-12-19,2007,TV-MA,"Horror Movies, Action & Adventure",An investigator uncovers a conspiracy in a small town.,131.0,
s213,TV SHOW,BROKEN GAME,Denis Villeneuve,"Aamir Khan, Anya Taylor, Rohit Sharma, Vikrant Massey",India,2015-07-09,2005,G,Thrillers | Kids' TV,A documentary exploring life in a rapidly changing city.,,
s64,Movie,The Velvet Signal,Unknown,"Priyanka Chopra, Lupita Nyongo, Nawazuddin Siddiqui, Aamir Khan",South Korea,2015-07-09,2013,tv14,"Dramas,Kids' TV",A documentary exploring life in a rapidly changing city.,148.0,
s174,TV Show,Wild Harvest,-,"Ryan Gosling, Kiara Advani, Priyanka Chopra",Canada,2015-07-09,2005,G,"Dramas, Kids' TV",A young artist fights to save her neighborhood.,,6.0
s234,movie,Hidden Storm,Zoya Akhtar,"Zendaya, Aamir Khan",Germany,2020-12-31,2020,TV-PG,"Action & Adventure, Crime TV Shows",A documentary exploring life in a rapidly changing city.,,
s174,TV Show,WILD HARVEST,-,"Ryan Gosling, Kiara Advani, Priyanka Chopra",Canada,2015-07-09,2005,G,"Dramas, Kids' TV",A young artist fights to save her neighborhood.,,6.0
s29,Movie,Electric Harvest,-,"Ryan Gosling, Nawazuddin Siddiqui, Irrfan Khan, John Cho",Australia,2019-12-31,2019,TV-PG,"Comedies, Documentaries",A young artist fights to save her neighborhood.,131.0,
s96,TV Show,Dark Game,Anurag Kashyap,"Nawazuddin Siddiqui, Anya Taylor, Tom Hardy",United States,2020-12-31,2020,TV-MA,"International Movies, Romantic Movies",A gripping story of a family torn apart by secrets.,,1.0
s44,Movie,Golden Empire,Karan Johar,"John Cho, Tabu, Lupita Nyongo",Unknown,2016-12-31,2016,TV-14,"Action & Adventure, Kids' TV",Two strangers meet and change each other's lives forever.,131.0,
s98,tv show,The Paper Game,Sara Ali,"Anya Taylor, Deepika Padukone",Germany,2015-07-09,2012,TV-MA,"Action & Adventure, Comedies",No description available,,
s127,movie,  Wild River  ,Denis Villeneuve,"Kiara Advani, Zendaya, John Cho, Emma Stone",France,2022-12-31,2022,TV-PG,"Action & Adventure, Dramas",A gripping story of a family torn apart by secrets.,,
s27,TV Show,Lost Song,Karan Johar,"John Cho, Kiara Advani, Anya Taylor, Deepika Padukone",France,2021-12-31,2021,TV-14,"Horror Movies, Romantic Movies",A comedy about a wedding that goes hilariously wrong.,,1.0
s181,TV Show,Silent Storm,Unknown,"Ryan Gosling, Nawazuddin Siddiqui, Lupita Nyongo, Tom Hardy",Canada,2015-07-09,2002,PG,"Documentaries, Comedies",A comedy about a wedding that goes hilariously wrong.,,5.0
s69,Movie,  Last Harvest  ,Greta Gerwig,"Nawazuddin Siddiqui, Tom Hardy, Zendaya, Tabu",Spain,2015-07-09,1999,TV-14,"Kids' TV, Thrillers",A comedy about a wedding that goes hilariously wrong.,87.0,
s188,TV Show,Distant River,Zoya Akhtar,"Deepika Padukone, Tom Hardy, John Cho, Ryan Gosling",Canada,2016-12-31,2016,TV-14,"Action & Adventure, Romantic Movies",A comedy about a wedding that goes hilariously wrong.,,6.0
s39,TV Show,Broken Mirror,Anurag Kashyap,Unknown,United States,2015-07-09,2001,TV-MA,"Comedies, Action & Adventure",A young artist fights to save her neighborhood.,,5.0
s90,movie,broken river,-,"John Cho, Deepika Padukone, Tabu, Vikrant Massey",Spain,2015-07-09,2013,TV-Y7,"Action & Adventure,Kids' TV",A young artist fights to save her neighborhood.,,
s116,MOVIE,Silent Signal,Unknown,"Tabu, Anya Taylor",Japan,2015-07-09,1999,TV-PG,"Documentaries, Thrillers",A comedy about a wedding that goes hilariously wrong.,,
s87,Movie,Iron Mirror,Karan Johar,"Vikrant Massey, Deepika Padukone",Germany,2025-06-28,2016,g,"Action & Adventure, Kids' TV",A documentary exploring life in a rapidly changing city.,155.0,
s230,Movie,Hidden Road,Bong Joon-ho,"Emma Stone, Tom Hardy, John Cho, Lupita Nyongo",Canada,2022-12-31,2022,G,"Romantic Movies, Horror Movies",Two strangers meet and change each other's lives forever.,3.0,
s126,MOVIE,Last Horizon,christopher nolan,Unknown,Frnace,2015-07-09,2015,TV-MA,"Documentaries, Dramas",A gripping story of a family torn apart by secrets.,,
s177,Movie,IRON CITY,Steven Lee,"Zendaya, Irrfan Khan",Australia,2015-07-09,2011,tv14,"Dramas, Action & Adventure",Two strangers meet and change each other's lives forever.,110.0,
